<?xml version="1.0" encoding="UTF-8"?>
<project-private xmlns="http://www.netbeans.org/ns/project-private/1">
    <editor-bookmarks xmlns="http://www.netbeans.org/ns/editor-bookmarks/2" lastBookmarkId="0"/>
    <open-files xmlns="http://www.netbeans.org/ns/projectui-open-files/2">
        <group>
            <file>file:/C:/Users/Lenovo/Documents/NetBeansProjects/CyberCafe/src/service/JoptionPane.java</file>
            <file>file:/C:/Users/Lenovo/Documents/NetBeansProjects/CyberCafe/src/cybercafe/MenuPage.java</file>
            <file>file:/C:/Users/Lenovo/Documents/NetBeansProjects/CyberCafe/src/cybercafe/CyberCafe.java</file>
            <file>file:/C:/Users/Lenovo/Documents/NetBeansProjects/CyberCafe/src/cybercafe/UserMenu.java</file>
            <file>file:/C:/Users/Lenovo/Documents/NetBeansProjects/CyberCafe/src/cybercafe/Pc_list.java</file>
            <file>file:/C:/Users/Lenovo/Documents/NetBeansProjects/CyberCafe/src/cybercafe/UserRegister.java</file>
            <file>file:/C:/Users/Lenovo/Documents/NetBeansProjects/CyberCafe/src/cybercafe/UserAdmin.java</file>
            <file>file:/C:/Users/Lenovo/Documents/NetBeansProjects/CyberCafe/src/cybercafe/TimeDetails.java</file>
            <file>file:/C:/Users/Lenovo/Documents/NetBeansProjects/CyberCafe/src/service/ServiceClass.java</file>
            <file>file:/C:/Users/Lenovo/Documents/NetBeansProjects/CyberCafe/src/cybercafe/AddMembers.java</file>
            <file>file:/C:/Users/Lenovo/Documents/NetBeansProjects/CyberCafe/src/cybercafe/Login.java</file>
            <file>file:/C:/Users/Lenovo/Documents/NetBeansProjects/CyberCafe/src/cybercafe/Reports.java</file>
            <file>file:/C:/Users/Lenovo/Documents/NetBeansProjects/CyberCafe/src/cybercafe/Get_history.java</file>
            <file>file:/C:/Users/Lenovo/Documents/NetBeansProjects/CyberCafe/src/cybercafe/Timing.java</file>
            <file>file:/C:/Users/Lenovo/Documents/NetBeansProjects/CyberCafe/src/cybercafe/BalanceDetails.java</file>
            <file>file:/C:/Users/Lenovo/Documents/NetBeansProjects/CyberCafe/src/cybercafe/BillDetails.java</file>
        </group>
    </open-files>
</project-private>
